Поле,Тип,Уникальных,Пропусков,Пропусков_%
TransactionID,int64,100000,0,0.0
isFraud,int64,2,0,0.0
TransactionAmt,float64,22743,0,0.0
ProductCD,str,5,0,0.0
card1,int64,17342,0,0.0
card4,str,5,0,0.0
card6,str,3,0,0.0
addr1,int64,218,0,0.0
P_emaildomain,str,5,0,0.0
DeviceType,str,3,0,0.0
DeviceInfo,str,5,0,0.0
TransactionDT,int64,98033,0,0.0
amt_log,float64,22743,0,0.0
is_amount_outlier,int64,2,0,0.0
amt_bin,category,4,0,0.0
tx_hour,int64,24,0,0.0
tx_day_of_week,int64,7,0,0.0
is_night_tx,int64,2,0,0.0
os_family,str,5,0,0.0
is_free_email,int64,2,0,0.0
addr_missing,int64,2,0,0.0
